timestamp,series_id,yhat,y_true
2014-12-31 01:00:00,ALL,2.43964,2.85533
2014-12-31 01:00:00,ALL,18.658203,2.85533
2014-12-31 01:00:00,ALL,1.9916053,2.85533
2014-12-31 01:00:00,ALL,132.16245,2.85533
2014-12-31 01:00:00,ALL,75.47144,2.85533
2014-12-31 01:00:00,ALL,188.70866,2.85533
2014-12-31 01:00:00,ALL,6.8152075,2.85533
2014-12-31 01:00:00,ALL,237.28223,1.9035532
2014-12-31 01:00:00,ALL,54.56103,1.5862944
2014-12-31 01:00:00,ALL,51.202297,2.5380712
2014-12-31 01:00:00,ALL,39.016914,1.9035532
2014-12-31 01:00:00,ALL,118.80389,1.5862944
2014-12-31 01:00:00,ALL,39.172253,1.5862944
2014-12-31 01:00:00,ALL,45.35036,1.2690356
2014-12-31 01:00:00,ALL,46.187088,3.8071065
2014-12-31 01:00:00,ALL,43.27053,2.85533
2014-12-31 01:00:00,ALL,45.643494,1.9035532
2014-12-31 01:00:00,ALL,220.43633,2.220812
2014-12-31 01:00:00,ALL,10.50234,2.220812
2014-12-31 01:00:00,ALL,53.55833,2.220812
2014-12-31 01:00:00,ALL,140.6223,2.5380712
2014-12-31 01:00:00,ALL,24.783136,1.9035532
2014-12-31 01:00:00,ALL,11.375782,2.220812
2014-12-31 01:00:00,ALL,32.952156,2.5380712
2014-12-31 01:00:00,ALL,208.98135,18.314367
2014-12-31 01:00:00,ALL,31.396118,17.24751
2014-12-31 01:00:00,ALL,29.395773,16.536274
2014-12-31 01:00:00,ALL,91.33429,16.714083
2014-12-31 01:00:00,ALL,102.009735,17.78094
2014-12-31 01:00:00,ALL,46.538612,18.314367
2014-12-31 01:00:00,ALL,95.16308,21.159317
2014-12-31 01:00:00,ALL,25.18734,24.359886
2014-12-31 01:00:00,ALL,43.315117,27.204836
2014-12-31 01:00:00,ALL,28.986605,28.093884
2014-12-31 01:00:00,ALL,135.42917,27.738264
2014-12-31 01:00:00,ALL,13.354767,28.093884
2014-12-31 01:00:00,ALL,113.2107,26.493599
2014-12-31 01:00:00,ALL,102.43376,26.493599
2014-12-31 01:00:00,ALL,44.45882,28.627312
2014-12-31 01:00:00,ALL,36.573753,28.80512
2014-12-31 01:00:00,ALL,114.09275,28.271692
2014-12-31 01:00:00,ALL,46.634792,28.627312
2014-12-31 01:00:00,ALL,892.86334,28.271692
2014-12-31 01:00:00,ALL,42.239956,25.248934
2014-12-31 01:00:00,ALL,97.57725,22.759602
2014-12-31 01:00:00,ALL,146.2695,22.048365
2014-12-31 01:00:00,ALL,24.650784,21.337126
2014-12-31 01:00:00,ALL,18.365637,19.914652
2014-12-31 01:00:00,ALL,868.729,1.7376195
2014-12-31 01:00:00,ALL,170.7729,1.520417
2014-12-31 02:00:00,ALL,2.26677,1.7376195
2014-12-31 02:00:00,ALL,17.886547,1.7376195
2014-12-31 02:00:00,ALL,1.7964737,1.7376195
2014-12-31 02:00:00,ALL,117.400696,1.7376195
2014-12-31 02:00:00,ALL,73.681496,1.7376195
2014-12-31 02:00:00,ALL,161.24287,1.7376195
2014-12-31 02:00:00,ALL,7.04214,1.7376195
2014-12-31 02:00:00,ALL,209.7738,1.520417
2014-12-31 02:00:00,ALL,51.75077,1.520417
2014-12-31 02:00:00,ALL,47.886,1.520417
2014-12-31 02:00:00,ALL,35.288292,1.7376195
2014-12-31 02:00:00,ALL,110.9539,1.520417
2014-12-31 02:00:00,ALL,39.244633,1.520417
2014-12-31 02:00:00,ALL,43.634388,1.7376195
2014-12-31 02:00:00,ALL,42.066635,2.1720243
2014-12-31 02:00:00,ALL,35.812748,2.606429
2014-12-31 02:00:00,ALL,40.71525,1.7376195
2014-12-31 02:00:00,ALL,187.23132,1.7376195
2014-12-31 02:00:00,ALL,9.476332,1.7376195
2014-12-31 02:00:00,ALL,47.31225,1.7376195
2014-12-31 02:00:00,ALL,122.73702,1.7376195
2014-12-31 02:00:00,ALL,24.855253,1.7376195
2014-12-31 02:00:00,ALL,10.322699,146.8496
2014-12-31 02:00:00,ALL,29.671326,117.37805
2014-12-31 02:00:00,ALL,188.52676,105.691055
2014-12-31 02:00:00,ALL,26.119488,98.06911
2014-12-31 02:00:00,ALL,26.608343,100.60976
2014-12-31 02:00:00,ALL,82.3082,105.18293
2014-12-31 02:00:00,ALL,94.05389,116.361786
2014-12-31 02:00:00,ALL,42.391346,104.166664
2014-12-31 02:00:00,ALL,79.94671,138.71951
2014-12-31 02:00:00,ALL,25.100857,135.67073
2014-12-31 02:00:00,ALL,39.303425,145.83333
2014-12-31 02:00:00,ALL,26.599031,172.76422
2014-12-31 02:00:00,ALL,121.2428,152.94716
2014-12-31 02:00:00,ALL,13.616925,136.687
2014-12-31 02:00:00,ALL,101.447975,140.2439
2014-12-31 02:00:00,ALL,90.97207,154.47154
2014-12-31 02:00:00,ALL,37.35449,166.66667
2014-12-31 02:00:00,ALL,33.85988,206.80894
2014-12-31 02:00:00,ALL,107.08676,210.36586
2014-12-31 02:00:00,ALL,42.085964,186.48373
2014-12-31 02:00:00,ALL,792.7913,162.09349
2014-12-31 02:00:00,ALL,37.17274,161.07724
2014-12-31 02:00:00,ALL,96.70865,161.58537
2014-12-31 02:00:00,ALL,133.52126,178.86179
2014-12-31 02:00:00,ALL,22.994005,72.86585
2014-12-31 02:00:00,ALL,17.009604,71.03658
2014-12-31 02:00:00,ALL,763.6119,67.37805
2014-12-31 02:00:00,ALL,150.53549,67.98781
2014-12-31 03:00:00,ALL,2.3251152,71.03658
2014-12-31 03:00:00,ALL,17.41216,67.07317
2014-12-31 03:00:00,ALL,1.8742349,67.98781
2014-12-31 03:00:00,ALL,110.33517,63.414635
2014-12-31 03:00:00,ALL,70.50124,59.756096
2014-12-31 03:00:00,ALL,147.66516,71.34146
2014-12-31 03:00:00,ALL,6.6706696,70.731705
2014-12-31 03:00:00,ALL,202.199,72.256096
2014-12-31 03:00:00,ALL,50.318226,59.451218
2014-12-31 03:00:00,ALL,45.909077,64.02439
2014-12-31 03:00:00,ALL,33.237396,60.97561
2014-12-31 03:00:00,ALL,106.7881,66.46342
2014-12-31 03:00:00,ALL,40.054832,67.98781
2014-12-31 03:00:00,ALL,42.365784,87.19512
2014-12-31 03:00:00,ALL,40.353825,95.42683
2014-12-31 03:00:00,ALL,32.62297,92.07317
2014-12-31 03:00:00,ALL,38.497044,86.28049
2014-12-31 03:00:00,ALL,170.20816,86.89024
2014-12-31 03:00:00,ALL,8.883359,83.84146
2014-12-31 03:00:00,ALL,44.340767,84.14634
2014-12-31 03:00:00,ALL,112.27486,215.02975
2014-12-31 03:00:00,ALL,25.861456,196.42857
2014-12-31 03:00:00,ALL,9.518184,168.8988
2014-12-31 03:00:00,ALL,27.750288,156.25
2014-12-31 03:00:00,ALL,181.72224,139.88095
2014-12-31 03:00:00,ALL,22.674349,159.2262
2014-12-31 03:00:00,ALL,25.80804,163.69048
2014-12-31 03:00:00,ALL,77.49994,165.17857
2014-12-31 03:00:00,ALL,90.83671,199.40475
2014-12-31 03:00:00,ALL,39.801327,202.38095
2014-12-31 03:00:00,ALL,72.737595,222.47025
2014-12-31 03:00:00,ALL,25.247972,264.88095
2014-12-31 03:00:00,ALL,35.80017,241.07143
2014-12-31 03:00:00,ALL,25.026293,295.3869
2014-12-31 03:00:00,ALL,117.09159,264.1369
2014-12-31 03:00:00,ALL,13.757568,250.0
2014-12-31 03:00:00,ALL,96.69797,270.83334
2014-12-31 03:00:00,ALL,84.755745,374.25595
2014-12-31 03:00:00,ALL,34.020023,397.32144
2014-12-31 03:00:00,ALL,32.33998,340.7738
2014-12-31 03:00:00,ALL,101.86545,319.9405
2014-12-31 03:00:00,ALL,39.924297,314.73215
2014-12-31 03:00:00,ALL,761.88214,308.0357
2014-12-31 03:00:00,ALL,33.678364,279.7619
2014-12-31 03:00:00,ALL,96.68641,5.794234
2014-12-31 03:00:00,ALL,120.84584,5.3702655
2014-12-31 03:00:00,ALL,22.306982,5.3702655
2014-12-31 03:00:00,ALL,16.275742,5.0876203
2014-12-31 03:00:00,ALL,721.9979,4.8049746
2014-12-31 03:00:00,ALL,138.39357,4.663652
2014-12-31 04:00:00,ALL,2.3596003,5.228943
2014-12-31 04:00:00,ALL,17.127718,4.522329
2014-12-31 04:00:00,ALL,1.9229598,6.500848
2014-12-31 04:00:00,ALL,106.92432,5.794234
2014-12-31 04:00:00,ALL,66.80839,5.652911
2014-12-31 04:00:00,ALL,137.8313,4.946297
2014-12-31 04:00:00,ALL,5.5205283,5.3702655
2014-12-31 04:00:00,ALL,196.71658,4.663652
2014-12-31 04:00:00,ALL,49.564438,5.228943
2014-12-31 04:00:00,ALL,44.96777,7.066139
2014-12-31 04:00:00,ALL,32.0653,8.055399
2014-12-31 04:00:00,ALL,102.94175,13.284342
2014-12-31 04:00:00,ALL,41.360725,12.153759
2014-12-31 04:00:00,ALL,40.892384,11.305822
2014-12-31 04:00:00,ALL,39.731968,11.588468
2014-12-31 04:00:00,ALL,31.369621,11.305822
2014-12-31 04:00:00,ALL,37.093456,10.740531
2014-12-31 04:00:00,ALL,160.56862,10.1752405
2014-12-31 04:00:00,ALL,8.49942,278.61954
2014-12-31 04:00:00,ALL,44.696213,220.53873
2014-12-31 04:00:00,ALL,106.82314,248.3165
2014-12-31 04:00:00,ALL,26.078493,201.17845
2014-12-31 04:00:00,ALL,8.9831705,202.86195
2014-12-31 04:00:00,ALL,27.292812,207.91246
2014-12-31 04:00:00,ALL,181.81805,247.47475
2014-12-31 04:00:00,ALL,20.861952,252.52525
2014-12-31 04:00:00,ALL,25.750717,310.60605
2014-12-31 04:00:00,ALL,74.84578,369.52863
2014-12-31 04:00:00,ALL,91.292076,363.63635
2014-12-31 04:00:00,ALL,38.568237,388.8889
2014-12-31 04:00:00,ALL,75.65701,311.4478
2014-12-31 04:00:00,ALL,25.17802,363.63635
2014-12-31 04:00:00,ALL,34.823856,380.47137
2014-12-31 04:00:00,ALL,24.372805,344.2761
2014-12-31 04:00:00,ALL,122.138535,361.1111
2014-12-31 04:00:00,ALL,13.948872,366.16162
2014-12-31 04:00:00,ALL,92.62066,352.6936
2014-12-31 04:00:00,ALL,91.29015,315.65656
2014-12-31 04:00:00,ALL,32.984158,269.36026
2014-12-31 04:00:00,ALL,31.964863,251.6835
2014-12-31 04:00:00,ALL,98.08459,250.84175
2014-12-31 04:00:00,ALL,39.849937,249.15825
2014-12-31 04:00:00,ALL,768.41254,58.566433
2014-12-31 04:00:00,ALL,31.928362,53.32168
2014-12-31 04:00:00,ALL,98.55751,48.95105
2014-12-31 04:00:00,ALL,110.74884,49.38811
2014-12-31 04:00:00,ALL,21.684122,48.513985
2014-12-31 04:00:00,ALL,15.910563,46.765736
2014-12-31 04:00:00,ALL,716.0045,49.825176
2014-12-31 04:00:00,ALL,132.64719,51.573425
2014-12-31 05:00:00,ALL,2.373895,72.11539
2014-12-31 05:00:00,ALL,17.539192,74.73776
2014-12-31 05:00:00,ALL,1.9481031,62.93706
2014-12-31 05:00:00,ALL,109.9547,59.003498
2014-12-31 05:00:00,ALL,63.92712,49.38811
2014-12-31 05:00:00,ALL,129.4783,59.44056
2014-12-31 05:00:00,ALL,5.0197964,58.566433
2014-12-31 05:00:00,ALL,189.81775,68.181816
2014-12-31 05:00:00,ALL,48.5869,83.47902
2014-12-31 05:00:00,ALL,45.3651,89.5979
2014-12-31 05:00:00,ALL,31.863094,101.3986
2014-12-31 05:00:00,ALL,99.17169,91.78322
2014-12-31 05:00:00,ALL,39.985157,76.486015
2014-12-31 05:00:00,ALL,40.558735,71.67832
2014-12-31 05:00:00,ALL,40.169697,64.68532
2014-12-31 05:00:00,ALL,31.187725,62.93706
2014-12-31 05:00:00,ALL,36.417328,51.88172
2014-12-31 05:00:00,ALL,158.49202,47.580647
2014-12-31 05:00:00,ALL,8.354128,44.89247
2014-12-31 05:00:00,ALL,48.206,44.89247
2014-12-31 05:00:00,ALL,108.156296,45.698925
2014-12-31 05:00:00,ALL,24.635582,47.31183
2014-12-31 05:00:00,ALL,9.7204,47.31183
2014-12-31 05:00:00,ALL,27.358017,31.182796
2014-12-31 05:00:00,ALL,176.70421,39.51613
2014-12-31 05:00:00,ALL,20.038977,41.129032
2014-12-31 05:00:00,ALL,25.689299,39.51613
2014-12-31 05:00:00,ALL,72.58804,36.021507
2014-12-31 05:00:00,ALL,95.32383,34.408604
2014-12-31 05:00:00,ALL,38.331074,41.129032
2014-12-31 05:00:00,ALL,79.81497,34.139786
2014-12-31 05:00:00,ALL,24.42174,45.698925
2014-12-31 05:00:00,ALL,34.775394,62.096775
2014-12-31 05:00:00,ALL,23.344654,81.72043
2014-12-31 05:00:00,ALL,126.39914,87.09677
2014-12-31 05:00:00,ALL,14.22094,81.451614
2014-12-31 05:00:00,ALL,88.90644,70.16129
2014-12-31 05:00:00,ALL,97.53182,72.31183
2014-12-31 05:00:00,ALL,33.766525,72.58064
2014-12-31 05:00:00,ALL,31.708965,69.89247
2014-12-31 05:00:00,ALL,94.85825,38.18927
2014-12-31 05:00:00,ALL,41.914204,35.76751
2014-12-31 05:00:00,ALL,790.04126,35.76751
2014-12-31 05:00:00,ALL,31.63806,32.786884
2014-12-31 05:00:00,ALL,106.64887,32.22802
2014-12-31 05:00:00,ALL,107.15382,34.090908
2014-12-31 05:00:00,ALL,20.89496,35.208645
2014-12-31 05:00:00,ALL,15.789064,33.345753
2014-12-31 05:00:00,ALL,733.27124,33.71833
2014-12-31 05:00:00,ALL,126.43037,44.33681
2014-12-31 06:00:00,ALL,2.3850825,45.268257
2014-12-31 06:00:00,ALL,18.488842,43.032787
2014-12-31 06:00:00,ALL,1.96556,39.120716
2014-12-31 06:00:00,ALL,109.681816,38.00298
2014-12-31 06:00:00,ALL,62.51421,40.42474
2014-12-31 06:00:00,ALL,134.68098,47.13115
2014-12-31 06:00:00,ALL,4.9075356,54.396423
2014-12-31 06:00:00,ALL,185.4871,75.2608
2014-12-31 06:00:00,ALL,46.343746,82.52608
2014-12-31 06:00:00,ALL,47.396328,76.19225
2014-12-31 06:00:00,ALL,31.71635,68.181816
2014-12-31 06:00:00,ALL,100.123604,69.29955
2014-12-31 06:00:00,ALL,39.85105,66.50522
2014-12-31 06:00:00,ALL,40.26153,67.80924
2014-12-31 06:00:00,ALL,43.21717,128.19148
2014-12-31 06:00:00,ALL,30.79033,122.87234
2014-12-31 06:00:00,ALL,38.692234,112.23404
2014-12-31 06:00:00,ALL,157.6924,112.23404
2014-12-31 06:00:00,ALL,8.188304,104.78723
2014-12-31 06:00:00,ALL,49.663773,111.702126
2014-12-31 06:00:00,ALL,120.98879,114.893616
2014-12-31 06:00:00,ALL,23.36384,156.91489
2014-12-31 06:00:00,ALL,11.037693,220.21277
2014-12-31 06:00:00,ALL,27.99444,206.38298
2014-12-31 06:00:00,ALL,165.36897,232.97873
2014-12-31 06:00:00,ALL,20.011831,198.93617
2014-12-31 06:00:00,ALL,27.871128,203.19148
2014-12-31 06:00:00,ALL,67.73186,168.61702
2014-12-31 06:00:00,ALL,107.84612,178.19148
2014-12-31 06:00:00,ALL,36.08592,177.65958
2014-12-31 06:00:00,ALL,82.20686,187.23404
2014-12-31 06:00:00,ALL,22.359034,217.55319
2014-12-31 06:00:00,ALL,37.436485,216.48936
2014-12-31 06:00:00,ALL,21.910988,180.85106
2014-12-31 06:00:00,ALL,121.85907,181.91489
2014-12-31 06:00:00,ALL,14.4667845,172.87234
2014-12-31 06:00:00,ALL,89.7437,166.48936
2014-12-31 06:00:00,ALL,106.91388,163.82979
2014-12-31 06:00:00,ALL,36.249226,36.276947
2014-12-31 06:00:00,ALL,29.276949,35.240463
2014-12-31 06:00:00,ALL,89.09299,38.76451
2014-12-31 06:00:00,ALL,45.69619,43.325043
2014-12-31 06:00:00,ALL,806.7038,35.65506
2014-12-31 06:00:00,ALL,31.726048,35.65506
2014-12-31 06:00:00,ALL,124.09059,39.386402
2014-12-31 06:00:00,ALL,109.341064,51.616917
2014-12-31 06:00:00,ALL,22.033892,55.34826
2014-12-31 06:00:00,ALL,15.700935,60.53068
2014-12-31 06:00:00,ALL,695.1883,60.737976
2014-12-31 06:00:00,ALL,125.67127,54.933666
2014-12-31 07:00:00,ALL,2.4016368,49.543945
2014-12-31 07:00:00,ALL,20.90313,41.25207
2014-12-31 07:00:00,ALL,1.9822867,45.60531
2014-12-31 07:00:00,ALL,111.59658,44.77612
2014-12-31 07:00:00,ALL,62.302917,40.630184
2014-12-31 07:00:00,ALL,143.70172,35.03317
2014-12-31 07:00:00,ALL,4.928832,40.422886
2014-12-31 07:00:00,ALL,189.7309,39.800995
2014-12-31 07:00:00,ALL,49.28908,33.374794
2014-12-31 07:00:00,ALL,47.278675,33.167496
2014-12-31 07:00:00,ALL,32.19498,37.728027
2014-12-31 07:00:00,ALL,103.60285,36.484245
2014-12-31 07:00:00,ALL,44.769184,49.45756
2014-12-31 07:00:00,ALL,42.120277,45.149967
2014-12-31 07:00:00,ALL,45.924995,42.9164
2014-12-31 07:00:00,ALL,28.647093,42.43778
2014-12-31 07:00:00,ALL,43.87044,39.88513
2014-12-31 07:00:00,ALL,188.07852,39.246967
2014-12-31 07:00:00,ALL,8.09853,39.72559
2014-12-31 07:00:00,ALL,43.96961,45.62859
2014-12-31 07:00:00,ALL,130.44214,47.862156
2014-12-31 07:00:00,ALL,24.282354,54.24378
2014-12-31 07:00:00,ALL,12.217726,58.232292
2014-12-31 07:00:00,ALL,30.324694,57.594128
2014-12-31 07:00:00,ALL,148.66017,54.084236
2014-12-31 07:00:00,ALL,21.17717,54.40332
2014-12-31 07:00:00,ALL,26.364702,46.745373
2014-12-31 07:00:00,ALL,68.10452,48.021698
2014-12-31 07:00:00,ALL,108.936485,51.85067
2014-12-31 07:00:00,ALL,37.764053,66.5284
2014-12-31 07:00:00,ALL,87.538,59.349075
2014-12-31 07:00:00,ALL,22.453281,52.807915
2014-12-31 07:00:00,ALL,43.613815,48.34078
2014-12-31 07:00:00,ALL,20.06671,50.574345
2014-12-31 07:00:00,ALL,130.12064,48.8194
2014-12-31 07:00:00,ALL,15.940822,46.585835
2014-12-31 07:00:00,ALL,100.80324,45.71281
2014-12-31 07:00:00,ALL,114.28755,42.097107
2014-12-31 07:00:00,ALL,37.546196,40.160126
2014-12-31 07:00:00,ALL,25.749977,38.352272
2014-12-31 07:00:00,ALL,79.50767,38.8688
2014-12-31 07:00:00,ALL,50.18123,43.259296
2014-12-31 07:00:00,ALL,846.7411,44.938015
2014-12-31 07:00:00,ALL,33.447388,46.74587
2014-12-31 07:00:00,ALL,121.61099,61.079544
2014-12-31 07:00:00,ALL,106.913,63.66219
2014-12-31 07:00:00,ALL,26.550512,66.5031
2014-12-31 07:00:00,ALL,16.046778,63.403927
2014-12-31 07:00:00,ALL,696.5702,56.559917
2014-12-31 07:00:00,ALL,129.24765,56.559917
2014-12-31 08:00:00,ALL,2.418636,61.079544
2014-12-31 08:00:00,ALL,24.619501,60.433884
2014-12-31 08:00:00,ALL,1.9933898,68.44009
2014-12-31 08:00:00,ALL,109.887474,84.96901
2014-12-31 08:00:00,ALL,60.230648,80.83678
2014-12-31 08:00:00,ALL,161.41438,68.44009
2014-12-31 08:00:00,ALL,5.0805874,66.63223
2014-12-31 08:00:00,ALL,213.74515,63.403927
2014-12-31 08:00:00,ALL,58.956684,63.14566
2014-12-31 08:00:00,ALL,43.513126,61.46694
2014-12-31 08:00:00,ALL,33.780617,55.23918
2014-12-31 08:00:00,ALL,131.26567,52.3918
2014-12-31 08:00:00,ALL,56.421383,46.26993
2014-12-31 08:00:00,ALL,43.298115,50.541004
2014-12-31 08:00:00,ALL,55.185184,47.408882
2014-12-31 08:00:00,ALL,29.332815,52.53417
2014-12-31 08:00:00,ALL,48.916565,49.971527
2014-12-31 08:00:00,ALL,243.7475,41.99886
2014-12-31 08:00:00,ALL,8.173481,54.527336
2014-12-31 08:00:00,ALL,43.222202,52.961277
2014-12-31 08:00:00,ALL,144.24371,53.673122
2014-12-31 08:00:00,ALL,28.040419,59.51025
2014-12-31 08:00:00,ALL,12.983139,57.659454
2014-12-31 08:00:00,ALL,35.969303,55.23918
2014-12-31 08:00:00,ALL,177.19373,58.656036
2014-12-31 08:00:00,ALL,22.422178,59.51025
2014-12-31 08:00:00,ALL,23.6639,73.60478
2014-12-31 08:00:00,ALL,74.04752,89.55012
2014-12-31 08:00:00,ALL,107.482475,92.25513
2014-12-31 08:00:00,ALL,45.070877,86.41799
2014-12-31 08:00:00,ALL,90.63044,83.428246
2014-12-31 08:00:00,ALL,22.821968,80.580864
2014-12-31 08:00:00,ALL,47.56284,78.44533
2014-12-31 08:00:00,ALL,18.30803,73.46242
2014-12-31 08:00:00,ALL,138.5916,44.025158
2014-12-31 08:00:00,ALL,22.919485,38.185085
2014-12-31 08:00:00,ALL,108.582695,36.38814
2014-12-31 08:00:00,ALL,128.83089,35.040432
2014-12-31 08:00:00,ALL,35.93542,34.366577
2014-12-31 08:00:00,ALL,24.023603,39.757412
2014-12-31 08:00:00,ALL,73.14286,42.003593
2014-12-31 08:00:00,ALL,52.997112,45.148247
2014-12-31 08:00:00,ALL,944.32196,55.7053
2014-12-31 08:00:00,ALL,34.184826,59.29919
2014-12-31 08:00:00,ALL,123.74,56.379154
2014-12-31 08:00:00,ALL,113.20863,68.95777
2014-12-31 08:00:00,ALL,30.727182,61.096138
2014-12-31 08:00:00,ALL,16.776417,68.95777
2014-12-31 08:00:00,ALL,808.1443,71.20396
2014-12-31 08:00:00,ALL,138.29654,76.37017
2014-12-31 09:00:00,ALL,2.4317138,82.43486
2014-12-31 09:00:00,ALL,27.624958,99.73046
2014-12-31 09:00:00,ALL,1.9966433,100.179695
2014-12-31 09:00:00,ALL,116.58572,89.62264
2014-12-31 09:00:00,ALL,57.641,88.72417
2014-12-31 09:00:00,ALL,190.21072,92.54268
2014-12-31 09:00:00,ALL,5.3638115,81.31177
2014-12-31 09:00:00,ALL,262.03958,75.471695
2014-12-31 09:00:00,ALL,67.70555,231.6294
2014-12-31 09:00:00,ALL,56.97361,196.48563
2014-12-31 09:00:00,ALL,37.060944,188.4984
2014-12-31 09:00:00,ALL,157.3488,182.90735
2014-12-31 09:00:00,ALL,74.39728,182.90735
2014-12-31 09:00:00,ALL,47.629307,187.69968
2014-12-31 09:00:00,ALL,65.0561,234.02556
2014-12-31 09:00:00,ALL,34.69344,251.59744
2014-12-31 09:00:00,ALL,54.2404,234.02556
2014-12-31 09:00:00,ALL,268.1053,215.65495
2014-12-31 09:00:00,ALL,8.256484,247.60384
2014-12-31 09:00:00,ALL,46.958508,247.60384
2014-12-31 09:00:00,ALL,165.443,234.02556
2014-12-31 09:00:00,ALL,33.324863,273.16293
2014-12-31 09:00:00,ALL,12.943358,246.80511
2014-12-31 09:00:00,ALL,40.43861,240.41533
2014-12-31 09:00:00,ALL,203.08037,315.4952
2014-12-31 09:00:00,ALL,23.386614,418.53036
2014-12-31 09:00:00,ALL,23.9522,484.82428
2014-12-31 09:00:00,ALL,80.721306,429.71246
2014-12-31 09:00:00,ALL,105.46766,365.01596
2014-12-31 09:00:00,ALL,45.927105,363.41852
2014-12-31 09:00:00,ALL,94.59055,344.2492
2014-12-31 09:00:00,ALL,24.929728,319.48883
2014-12-31 09:00:00,ALL,53.403446,11.180904
2014-12-31 09:00:00,ALL,17.36302,8.668342
2014-12-31 09:00:00,ALL,142.12555,7.9145727
2014-12-31 09:00:00,ALL,31.15767,7.9145727
2014-12-31 09:00:00,ALL,115.29356,8.542713
2014-12-31 09:00:00,ALL,154.04697,7.9145727
2014-12-31 09:00:00,ALL,39.706013,8.291457
2014-12-31 09:00:00,ALL,28.157097,7.160804
2014-12-31 09:00:00,ALL,77.857925,9.547739
2014-12-31 09:00:00,ALL,56.545254,7.2864323
2014-12-31 09:00:00,ALL,1123.0521,6.78392
2014-12-31 09:00:00,ALL,35.931057,9.422111
2014-12-31 09:00:00,ALL,139.16112,7.7889447
2014-12-31 09:00:00,ALL,134.05876,7.5376883
2014-12-31 09:00:00,ALL,34.18365,7.9145727
2014-12-31 09:00:00,ALL,18.543497,6.4070354
2014-12-31 09:00:00,ALL,977.29156,9.798995
2014-12-31 09:00:00,ALL,171.75278,12.437186
2014-12-31 10:00:00,ALL,2.4427164,15.326633
2014-12-31 10:00:00,ALL,28.849598,14.321608
2014-12-31 10:00:00,ALL,1.9944752,13.693467
2014-12-31 10:00:00,ALL,128.75731,12.437186
2014-12-31 10:00:00,ALL,54.797302,11.934673
2014-12-31 10:00:00,ALL,213.94942,11.055276
2014-12-31 10:00:00,ALL,5.7076216,45.81498
2014-12-31 10:00:00,ALL,314.81555,33.920704
2014-12-31 10:00:00,ALL,69.89885,29.955948
2014-12-31 10:00:00,ALL,66.45844,31.277533
2014-12-31 10:00:00,ALL,43.421963,37.885464
2014-12-31 10:00:00,ALL,185.68309,41.40969
2014-12-31 10:00:00,ALL,83.16626,31.497797
2014-12-31 10:00:00,ALL,53.73971,40.088104
2014-12-31 10:00:00,ALL,69.672485,48.237885
2014-12-31 10:00:00,ALL,43.453922,47.356827
2014-12-31 10:00:00,ALL,64.24422,51.321587
2014-12-31 10:00:00,ALL,265.92706,54.18502
2014-12-31 10:00:00,ALL,8.230352,52.42291
2014-12-31 10:00:00,ALL,49.65228,51.54185
2014-12-31 10:00:00,ALL,194.87138,58.370045
2014-12-31 10:00:00,ALL,36.168354,48.45815
2014-12-31 10:00:00,ALL,12.381403,59.471367
2014-12-31 10:00:00,ALL,43.971573,83.70044
2014-12-31 10:00:00,ALL,211.56543,88.54626
2014-12-31 10:00:00,ALL,24.911455,80.61674
2014-12-31 10:00:00,ALL,24.658546,69.82379
2014-12-31 10:00:00,ALL,87.69895,63.656387
2014-12-31 10:00:00,ALL,105.06595,66.96035
2014-12-31 10:00:00,ALL,47.359447,67.84141
2014-12-31 10:00:00,ALL,100.07896,147.90576
2014-12-31 10:00:00,ALL,27.673916,122.3822
2014-12-31 10:00:00,ALL,59.378674,111.910995
2014-12-31 10:00:00,ALL,17.44146,106.02094
2014-12-31 10:00:00,ALL,136.56592,104.057594
2014-12-31 10:00:00,ALL,31.481619,147.25131
2014-12-31 10:00:00,ALL,121.01671,159.68587
2014-12-31 10:00:00,ALL,171.1051,164.92146
2014-12-31 10:00:00,ALL,47.990196,181.28273
2014-12-31 10:00:00,ALL,33.856583,242.14659
2014-12-31 10:00:00,ALL,87.27711,274.8691
2014-12-31 10:00:00,ALL,61.515446,293.84818
2014-12-31 10:00:00,ALL,1330.3076,249.34555
2014-12-31 10:00:00,ALL,39.350227,206.15182
2014-12-31 10:00:00,ALL,149.45532,199.60733
2014-12-31 10:00:00,ALL,141.73628,210.07854
2014-12-31 10:00:00,ALL,36.04362,226.43979
2014-12-31 10:00:00,ALL,21.78035,253.9267
2014-12-31 10:00:00,ALL,1087.4792,233.63875
2014-12-31 10:00:00,ALL,237.20265,219.24084
2014-12-31 11:00:00,ALL,2.448246,190.44502
2014-12-31 11:00:00,ALL,28.567265,201.57068
2014-12-31 11:00:00,ALL,1.9844421,197.64398
2014-12-31 11:00:00,ALL,142.26297,185.86388
2014-12-31 11:00:00,ALL,59.298195,22.41594
2014-12-31 11:00:00,ALL,231.46805,21.63761
2014-12-31 11:00:00,ALL,6.001607,22.882938
2014-12-31 11:00:00,ALL,334.61798,22.727272
2014-12-31 11:00:00,ALL,67.37322,21.481943
2014-12-31 11:00:00,ALL,62.81815,21.014944
2014-12-31 11:00:00,ALL,47.105698,22.571606
2014-12-31 11:00:00,ALL,200.39362,23.66127
2014-12-31 11:00:00,ALL,78.07016,24.283936
2014-12-31 11:00:00,ALL,54.71651,26.307596
2014-12-31 11:00:00,ALL,71.35677,24.9066
2014-12-31 11:00:00,ALL,50.103985,20.080946
2014-12-31 11:00:00,ALL,69.68632,18.368618
2014-12-31 11:00:00,ALL,260.01987,20.080946
2014-12-31 11:00:00,ALL,8.218911,18.835617
2014-12-31 11:00:00,ALL,52.899837,16.500622
2014-12-31 11:00:00,ALL,224.46455,24.750935
2014-12-31 11:00:00,ALL,33.083923,39.38356
2014-12-31 11:00:00,ALL,11.7793665,43.119553
2014-12-31 11:00:00,ALL,47.24814,42.185555
2014-12-31 11:00:00,ALL,210.49481,37.515568
2014-12-31 11:00:00,ALL,26.778896,33.15691
2014-12-31 11:00:00,ALL,26.645824,33.93524
2014-12-31 11:00:00,ALL,93.637634,31.133251
2014-12-31 11:00:00,ALL,105.64352,8.245382
2014-12-31 11:00:00,ALL,50.114094,8.575198
2014-12-31 11:00:00,ALL,107.226524,8.41029
2014-12-31 11:00:00,ALL,29.079794,7.7506595
2014-12-31 11:00:00,ALL,66.08756,6.926121
2014-12-31 11:00:00,ALL,17.734554,11.708444
2014-12-31 11:00:00,ALL,136.51917,13.852242
2014-12-31 11:00:00,ALL,28.111235,14.346966
2014-12-31 11:00:00,ALL,124.80211,9.894459
2014-12-31 11:00:00,ALL,173.2893,6.926121
2014-12-31 11:00:00,ALL,56.25521,7.9155674
2014-12-31 11:00:00,ALL,36.531464,10.718997
2014-12-31 11:00:00,ALL,92.034225,10.55409
2014-12-31 11:00:00,ALL,63.49535,10.389182
2014-12-31 11:00:00,ALL,1350.5134,10.059367
2014-12-31 11:00:00,ALL,43.947838,8.905013
2014-12-31 11:00:00,ALL,149.44571,11.048813
2014-12-31 11:00:00,ALL,154.46536,16.490765
2014-12-31 11:00:00,ALL,37.021336,21.602901
2014-12-31 11:00:00,ALL,24.474834,25.230871
2014-12-31 11:00:00,ALL,1190.1482,26.220316
2014-12-31 11:00:00,ALL,283.39313,17.645119
2014-12-31 12:00:00,ALL,2.4478698,16.985489
2014-12-31 12:00:00,ALL,27.78042,13.192612
2014-12-31 12:00:00,ALL,1.96643,34.46502
2014-12-31 12:00:00,ALL,139.40123,30.521261
2014-12-31 12:00:00,ALL,59.611576,26.234568
2014-12-31 12:00:00,ALL,241.05704,26.920439
2014-12-31 12:00:00,ALL,6.1735315,25.891632
2014-12-31 12:00:00,ALL,332.735,28.978052
2014-12-31 12:00:00,ALL,62.839645,30.349794
2014-12-31 12:00:00,ALL,63.055965,28.292181
2014-12-31 12:00:00,ALL,45.422672,30.006859
2014-12-31 12:00:00,ALL,185.49998,39.95199
2014-12-31 12:00:00,ALL,67.24265,40.63786
2014-12-31 12:00:00,ALL,51.802406,42.86694
2014-12-31 12:00:00,ALL,68.15144,44.410152
2014-12-31 12:00:00,ALL,53.068115,37.037037
2014-12-31 12:00:00,ALL,68.31482,33.77915
2014-12-31 12:00:00,ALL,246.6458,36.1797
2014-12-31 12:00:00,ALL,8.226547,49.211246
2014-12-31 12:00:00,ALL,53.912354,60.185184
2014-12-31 12:00:00,ALL,219.00009,52.812073
2014-12-31 12:00:00,ALL,27.622726,52.98354
2014-12-31 12:00:00,ALL,11.429521,49.382717
2014-12-31 12:00:00,ALL,48.86607,48.525375
2014-12-31 12:00:00,ALL,208.41267,48.525375
2014-12-31 12:00:00,ALL,28.144842,45.95336
2014-12-31 12:00:00,ALL,29.31837,225.46729
2014-12-31 12:00:00,ALL,96.09387,202.1028
2014-12-31 12:00:00,ALL,106.12273,186.9159
2014-12-31 12:00:00,ALL,51.349243,193.92523
2014-12-31 12:00:00,ALL,106.54262,184.57944
2014-12-31 12:00:00,ALL,28.516474,196.26169
2014-12-31 12:00:00,ALL,67.71742,212.61682
2014-12-31 12:00:00,ALL,17.731539,191.58879
2014-12-31 12:00:00,ALL,140.82195,217.28972
2014-12-31 12:00:00,ALL,25.475115,262.85046
2014-12-31 12:00:00,ALL,123.76651,224.29907
2014-12-31 12:00:00,ALL,162.3923,226.63551
2014-12-31 12:00:00,ALL,62.54029,214.95328
2014-12-31 12:00:00,ALL,35.465977,207.94392
2014-12-31 12:00:00,ALL,92.033226,235.98131
2014-12-31 12:00:00,ALL,60.10188,259.3458
2014-12-31 12:00:00,ALL,1351.2095,290.88785
2014-12-31 12:00:00,ALL,46.881958,362.14954
2014-12-31 12:00:00,ALL,141.21684,445.09344
2014-12-31 12:00:00,ALL,165.94649,403.03738
2014-12-31 12:00:00,ALL,33.461964,350.4673
2014-12-31 12:00:00,ALL,25.412868,332.94394
2014-12-31 12:00:00,ALL,1309.2997,313.0841
2014-12-31 12:00:00,ALL,297.1792,285.04672
2014-12-31 13:00:00,ALL,2.4440715,33.26271
2014-12-31 13:00:00,ALL,27.148264,23.09322
2014-12-31 13:00:00,ALL,1.9484217,20.550848
2014-12-31 13:00:00,ALL,125.65122,20.12712
2014-12-31 13:00:00,ALL,56.95117,19.70339
2014-12-31 13:00:00,ALL,228.39966,19.915255
2014-12-31 13:00:00,ALL,6.235462,22.033897
2014-12-31 13:00:00,ALL,313.22348,22.033897
2014-12-31 13:00:00,ALL,60.40077,24.364407
2014-12-31 13:00:00,ALL,68.445015,28.177965
2014-12-31 13:00:00,ALL,41.093292,24.152542
2014-12-31 13:00:00,ALL,174.72388,25.423729
2014-12-31 13:00:00,ALL,64.1126,25.423729
2014-12-31 13:00:00,ALL,50.561283,35.59322
2014-12-31 13:00:00,ALL,66.80365,36.864407
2014-12-31 13:00:00,ALL,49.96971,30.084745
2014-12-31 13:00:00,ALL,64.90684,40.042374
2014-12-31 13:00:00,ALL,240.89635,47.66949
2014-12-31 13:00:00,ALL,7.871641,42.372883
2014-12-31 13:00:00,ALL,51.924664,40.466103
2014-12-31 13:00:00,ALL,194.73114,34.11017
2014-12-31 13:00:00,ALL,27.813574,36.864407
2014-12-31 13:00:00,ALL,11.208673,38.98305
2014-12-31 13:00:00,ALL,46.365856,39.83051
2014-12-31 13:00:00,ALL,201.97379,27.71011
2014-12-31 13:00:00,ALL,26.979853,24.360537
2014-12-31 13:00:00,ALL,29.977007,27.557856
2014-12-31 13:00:00,ALL,88.06573,25.578562
2014-12-31 13:00:00,ALL,102.073105,21.772228
2014-12-31 13:00:00,ALL,45.824883,29.232643
2014-12-31 13:00:00,ALL,101.38791,29.232643
2014-12-31 13:00:00,ALL,27.539042,21.010962
2014-12-31 13:00:00,ALL,65.77244,24.360537
2014-12-31 13:00:00,ALL,18.224419,23.903776
2014-12-31 13:00:00,ALL,141.60918,25.88307
2014-12-31 13:00:00,ALL,25.10952,28.775883
2014-12-31 13:00:00,ALL,118.676704,28.62363
2014-12-31 13:00:00,ALL,155.92844,28.319122
2014-12-31 13:00:00,ALL,59.60566,30.146164
2014-12-31 13:00:00,ALL,30.806242,26.33983
2014-12-31 13:00:00,ALL,89.803604,29.689404
2014-12-31 13:00:00,ALL,60.098183,49.482338
2014-12-31 13:00:00,ALL,1339.5704,49.330086
2014-12-31 13:00:00,ALL,45.60099,49.63459
2014-12-31 13:00:00,ALL,130.72414,44.001217
2014-12-31 13:00:00,ALL,154.2488,45.98051
2014-12-31 13:00:00,ALL,30.861141,42.021923
2014-12-31 13:00:00,ALL,24.234898,38.976856
2014-12-31 13:00:00,ALL,1286.9138,89.99037
2014-12-31 13:00:00,ALL,271.28857,90.95284
2014-12-31 14:00:00,ALL,2.4400544,87.10298
2014-12-31 14:00:00,ALL,26.494415,76.997116
2014-12-31 14:00:00,ALL,1.9281464,76.034645
2014-12-31 14:00:00,ALL,120.021065,70.7411
2014-12-31 14:00:00,ALL,59.459618,72.18479
2014-12-31 14:00:00,ALL,228.26836,67.61309
2014-12-31 14:00:00,ALL,6.2289515,74.350334
2014-12-31 14:00:00,ALL,303.48132,68.81617
2014-12-31 14:00:00,ALL,58.00317,75.07218
2014-12-31 14:00:00,ALL,69.20128,87.3436
2014-12-31 14:00:00,ALL,41.994797,89.02791
2014-12-31 14:00:00,ALL,173.5819,83.974976
2014-12-31 14:00:00,ALL,64.1816,98.411934
2014-12-31 14:00:00,ALL,51.071857,96.48701
2014-12-31 14:00:00,ALL,66.9611,117.17998
2014-12-31 14:00:00,ALL,45.85462,144.6102
2014-12-31 14:00:00,ALL,64.414055,147.49759
2014-12-31 14:00:00,ALL,247.22261,138.11357
2014-12-31 14:00:00,ALL,7.5378876,129.69202
2014-12-31 14:00:00,ALL,51.240135,137.15111
2014-12-31 14:00:00,ALL,193.60251,134.50433
2014-12-31 14:00:00,ALL,29.414564,128.97017
2014-12-31 14:00:00,ALL,11.025658,111.61553
2014-12-31 14:00:00,ALL,45.664505,103.63181
2014-12-31 14:00:00,ALL,206.68626,102.066376
2014-12-31 14:00:00,ALL,25.920183,101.12711
2014-12-31 14:00:00,ALL,28.697153,103.63181
2014-12-31 14:00:00,ALL,86.17747,103.475266
2014-12-31 14:00:00,ALL,96.54867,101.12711
2014-12-31 14:00:00,ALL,44.215065,106.29305
2014-12-31 14:00:00,ALL,99.10868,111.302444
2014-12-31 14:00:00,ALL,27.061066,113.18096
2014-12-31 14:00:00,ALL,64.68199,116.15529
2014-12-31 14:00:00,ALL,17.75251,72.323105
2014-12-31 14:00:00,ALL,135.27214,64.49593
2014-12-31 14:00:00,ALL,26.964954,61.05197
2014-12-31 14:00:00,ALL,118.67523,61.991234
2014-12-31 14:00:00,ALL,155.02077,58.39073
2014-12-31 14:00:00,ALL,56.305286,72.79274
2014-12-31 14:00:00,ALL,30.509789,85.159676
2014-12-31 14:00:00,ALL,92.81188,92.67377
2014-12-31 14:00:00,ALL,61.33527,90.95178
2014-12-31 14:00:00,ALL,1302.0603,81.246086
2014-12-31 14:00:00,ALL,43.20414,82.18535
2014-12-31 14:00:00,ALL,122.74586,76.393234
2014-12-31 14:00:00,ALL,133.38986,74.51472
2014-12-31 14:00:00,ALL,30.761734,49.96326
2014-12-31 14:00:00,ALL,22.751785,43.901543
2014-12-31 14:00:00,ALL,1161.4005,43.534164
2014-12-31 14:00:00,ALL,254.25604,37.656136
2014-12-31 15:00:00,ALL,2.434738,38.574577
2014-12-31 15:00:00,ALL,25.566431,40.77884
2014-12-31 15:00:00,ALL,1.9114752,47.942688
2014-12-31 15:00:00,ALL,120.01953,47.575314
2014-12-31 15:00:00,ALL,67.12583,43.16679
2014-12-31 15:00:00,ALL,227.892,42.06466
2014-12-31 15:00:00,ALL,6.2006483,45.003674
2014-12-31 15:00:00,ALL,301.1514,49.779575
2014-12-31 15:00:00,ALL,56.64773,47.391624
2014-12-31 15:00:00,ALL,65.71349,53.82072
2014-12-31 15:00:00,ALL,44.507168,52.5349
2014-12-31 15:00:00,ALL,175.32463,47.391624
2014-12-31 15:00:00,ALL,67.03273,55.473915
2014-12-31 15:00:00,ALL,52.393238,68.14842
2014-12-31 15:00:00,ALL,67.520035,76.04703
2014-12-31 15:00:00,ALL,44.805748,65.209404
2014-12-31 15:00:00,ALL,64.5758,58.045555
2014-12-31 15:00:00,ALL,253.45988,53.63703
2014-12-31 15:00:00,ALL,7.4279757,59.88244
2014-12-31 15:00:00,ALL,52.42346,58.045555
2014-12-31 15:00:00,ALL,196.4802,92.51645
2014-12-31 15:00:00,ALL,31.434757,77.71381
2014-12-31 15:00:00,ALL,10.926422,70.72369
2014-12-31 15:00:00,ALL,45.482624,70.3125
2014-12-31 15:00:00,ALL,218.26978,98.68421
2014-12-31 15:00:00,ALL,25.777042,87.17105
2014-12-31 15:00:00,ALL,29.188768,83.05921
2014-12-31 15:00:00,ALL,89.99037,84.29276
2014-12-31 15:00:00,ALL,93.17596,100.32895
2014-12-31 15:00:00,ALL,44.325214,114.30921
2014-12-31 15:00:00,ALL,99.0274,126.64474
2014-12-31 15:00:00,ALL,27.412626,122.5329
2014-12-31 15:00:00,ALL,64.93887,119.24342
2014-12-31 15:00:00,ALL,17.709131,139.80263
2014-12-31 15:00:00,ALL,132.6874,135.2796
2014-12-31 15:00:00,ALL,31.072647,115.13158
2014-12-31 15:00:00,ALL,120.654274,136.51315
2014-12-31 15:00:00,ALL,156.5611,181.74342
2014-12-31 15:00:00,ALL,57.364227,178.86513
2014-12-31 15:00:00,ALL,33.53226,168.9967
2014-12-31 15:00:00,ALL,95.904015,143.91447
2014-12-31 15:00:00,ALL,62.364872,139.80263
2014-12-31 15:00:00,ALL,1283.0829,141.03618
2014-12-31 15:00:00,ALL,42.891777,134.86842
2014-12-31 15:00:00,ALL,117.6872,25.967894
2014-12-31 15:00:00,ALL,131.80515,24.315392
2014-12-31 15:00:00,ALL,31.286352,27.384325
2014-12-31 15:00:00,ALL,21.570768,24.787535
2014-12-31 15:00:00,ALL,1138.3754,26.440039
2014-12-31 15:00:00,ALL,246.48312,23.371105
2014-12-31 16:00:00,ALL,2.4296694,25.25968
2014-12-31 16:00:00,ALL,24.50255,24.551464
2014-12-31 16:00:00,ALL,1.8964446,27.856468
2014-12-31 16:00:00,ALL,124.163864,26.912182
2014-12-31 16:00:00,ALL,71.25365,28.800755
2014-12-31 16:00:00,ALL,233.49443,29.2729
2014-12-31 16:00:00,ALL,6.180852,25.967894
2014-12-31 16:00:00,ALL,306.75427,27.856468
2014-12-31 16:00:00,ALL,58.874905,21.246458
2014-12-31 16:00:00,ALL,65.73713,21.718603
2014-12-31 16:00:00,ALL,49.852703,21.954674
2014-12-31 16:00:00,ALL,177.5211,32.813976
2014-12-31 16:00:00,ALL,68.340256,30.217186
2014-12-31 16:00:00,ALL,55.84017,30.925402
2014-12-31 16:00:00,ALL,68.92327,33.286118
2014-12-31 16:00:00,ALL,45.52044,29.981113
2014-12-31 16:00:00,ALL,66.01891,32.813976
2014-12-31 16:00:00,ALL,264.70154,29.2729
2014-12-31 16:00:00,ALL,7.650481,44.240402
2014-12-31 16:00:00,ALL,55.16221,37.14524
2014-12-31 16:00:00,ALL,207.49223,35.684475
2014-12-31 16:00:00,ALL,34.27025,37.353924
2014-12-31 16:00:00,ALL,11.703137,36.5192
2014-12-31 16:00:00,ALL,46.36161,37.979965
2014-12-31 16:00:00,ALL,233.969,44.03172
2014-12-31 16:00:00,ALL,26.87314,56.135227
2014-12-31 16:00:00,ALL,31.36098,64.89983
2014-12-31 16:00:00,ALL,95.91331,69.073456
2014-12-31 16:00:00,ALL,92.187164,67.821365
2014-12-31 16:00:00,ALL,45.969246,66.3606
2014-12-31 16:00:00,ALL,102.64641,63.0217
2014-12-31 16:00:00,ALL,28.48272,60.72621
2014-12-31 16:00:00,ALL,66.96288,65.73456
2014-12-31 16:00:00,ALL,19.436127,73.87312
2014-12-31 16:00:00,ALL,135.99937,69.282135
2014-12-31 16:00:00,ALL,34.371468,85.767944
2014-12-31 16:00:00,ALL,126.770134,87.020035
2014-12-31 16:00:00,ALL,161.40042,77.21202
2014-12-31 16:00:00,ALL,61.69611,67.612686
2014-12-31 16:00:00,ALL,40.871998,64.691154
2014-12-31 16:00:00,ALL,104.04639,66.15192
2014-12-31 16:00:00,ALL,64.869385,60.100166
2014-12-31 16:00:00,ALL,1308.5533,26.01257
2014-12-31 16:00:00,ALL,44.947304,23.568436
2014-12-31 16:00:00,ALL,116.31295,21.648045
2014-12-31 16:00:00,ALL,138.59448,21.124302
2014-12-31 16:00:00,ALL,32.4272,21.648045
2014-12-31 16:00:00,ALL,20.537352,22.52095
2014-12-31 16:00:00,ALL,1149.0005,22.52095
2014-12-31 16:00:00,ALL,245.34259,16.061453
2014-12-31 17:00:00,ALL,2.4277968,17.981844
2014-12-31 17:00:00,ALL,24.126163,18.156425
2014-12-31 17:00:00,ALL,1.8861759,16.759777
2014-12-31 17:00:00,ALL,146.1054,20.076817
2014-12-31 17:00:00,ALL,76.53874,18.680168
2014-12-31 17:00:00,ALL,261.4694,16.759777
2014-12-31 17:00:00,ALL,6.249605,16.585196
2014-12-31 17:00:00,ALL,336.04044,17.63268
2014-12-31 17:00:00,ALL,74.03449,19.378492
2014-12-31 17:00:00,ALL,68.49844,32.821228
2014-12-31 17:00:00,ALL,59.1226,33.519554
2014-12-31 17:00:00,ALL,185.5924,30.726257
2014-12-31 17:00:00,ALL,68.46516,30.551676
2014-12-31 17:00:00,ALL,63.03052,32.297485
2014-12-31 17:00:00,ALL,72.89532,30.551676
2014-12-31 17:00:00,ALL,51.179024,30.027933
2014-12-31 17:00:00,ALL,72.06492,149.0858
2014-12-31 17:00:00,ALL,297.53784,120.9564
2014-12-31 17:00:00,ALL,8.821937,114.275665
2014-12-31 17:00:00,ALL,63.59014,140.29536
2014-12-31 17:00:00,ALL,241.7825,144.51477
2014-12-31 17:00:00,ALL,38.26319,123.417725
2014-12-31 17:00:00,ALL,14.845512,182.48946
2014-12-31 17:00:00,ALL,50.512928,116.73699
2014-12-31 17:00:00,ALL,263.43686,138.53728
2014-12-31 17:00:00,ALL,31.28561,157.17299
2014-12-31 17:00:00,ALL,36.502975,136.07594
2014-12-31 17:00:00,ALL,107.89296,139.94374
2014-12-31 17:00:00,ALL,96.419685,148.03094
2014-12-31 17:00:00,ALL,52.738995,185.654
2014-12-31 17:00:00,ALL,119.80913,151.54712
2014-12-31 17:00:00,ALL,30.748178,158.22784
2014-12-31 17:00:00,ALL,72.088486,171.23769
2014-12-31 17:00:00,ALL,24.233265,233.47398
2014-12-31 17:00:00,ALL,159.51828,238.04501
2014-12-31 17:00:00,ALL,32.70429,209.91562
2014-12-31 17:00:00,ALL,152.13167,182.13783
2014-12-31 17:00:00,ALL,171.63255,187.76372
2014-12-31 17:00:00,ALL,69.8987,178.97328
2014-12-31 17:00:00,ALL,58.099316,195.4993
2014-12-31 17:00:00,ALL,114.63047,15.060241
2014-12-31 17:00:00,ALL,72.938644,10.757315
2014-12-31 17:00:00,ALL,1349.5902,11.187608
2014-12-31 17:00:00,ALL,53.393375,11.187608
2014-12-31 17:00:00,ALL,120.77604,18.072289
2014-12-31 17:00:00,ALL,154.47943,12.908778
2014-12-31 17:00:00,ALL,35.8349,9.896729
2014-12-31 17:00:00,ALL,20.77565,6.0240965
2014-12-31 17:00:00,ALL,1215.2838,11.187608
2014-12-31 17:00:00,ALL,263.60788,8.175559
2014-12-31 18:00:00,ALL,2.4255595,7.3149743
2014-12-31 18:00:00,ALL,24.78437,6.454389
2014-12-31 18:00:00,ALL,1.881506,9.036144
2014-12-31 18:00:00,ALL,194.72678,6.454389
2014-12-31 18:00:00,ALL,79.90835,5.593804
2014-12-31 18:00:00,ALL,345.82596,6.8846817
2014-12-31 18:00:00,ALL,6.6245117,10.757315
2014-12-31 18:00:00,ALL,405.0612,9.466437
2014-12-31 18:00:00,ALL,95.354996,9.466437
2014-12-31 18:00:00,ALL,76.60951,10.327023
2014-12-31 18:00:00,ALL,73.48723,12.478485
2014-12-31 18:00:00,ALL,198.8034,9.896729
2014-12-31 18:00:00,ALL,71.64508,9.466437
2014-12-31 18:00:00,ALL,68.68974,8.605852
2014-12-31 18:00:00,ALL,80.99683,120.40619
2014-12-31 18:00:00,ALL,65.329414,108.317215
2014-12-31 18:00:00,ALL,84.05656,101.06383
2014-12-31 18:00:00,ALL,376.85916,97.19536
2014-12-31 18:00:00,ALL,11.380829,96.22824
2014-12-31 18:00:00,ALL,73.330475,87.04062
2014-12-31 18:00:00,ALL,276.40726,125.72534
2014-12-31 18:00:00,ALL,42.31762,126.69246
2014-12-31 18:00:00,ALL,19.552673,139.74855
2014-12-31 18:00:00,ALL,57.515373,156.67311
2014-12-31 18:00:00,ALL,316.98373,149.41972
2014-12-31 18:00:00,ALL,41.526745,142.16635
2014-12-31 18:00:00,ALL,47.263756,154.25533
2014-12-31 18:00:00,ALL,128.5546,146.03482
2014-12-31 18:00:00,ALL,111.29247,145.55125
2014-12-31 18:00:00,ALL,66.171974,155.22244
2014-12-31 18:00:00,ALL,154.50566,158.60735
2014-12-31 18:00:00,ALL,33.93791,228.7234
2014-12-31 18:00:00,ALL,76.975784,232.10832
2014-12-31 18:00:00,ALL,31.069054,184.71953
2014-12-31 18:00:00,ALL,204.0621,173.59767
2014-12-31 18:00:00,ALL,25.964611,169.7292
2014-12-31 18:00:00,ALL,195.90295,157.15668
2014-12-31 18:00:00,ALL,181.22011,152.80464
2014-12-31 18:00:00,ALL,84.13588,109.62042
2014-12-31 18:00:00,ALL,80.64606,98.82199
2014-12-31 18:00:00,ALL,129.70576,84.75131
2014-12-31 18:00:00,ALL,88.037766,81.15183
2014-12-31 18:00:00,ALL,1351.6929,98.82199
2014-12-31 18:00:00,ALL,67.48637,136.12566
2014-12-31 18:00:00,ALL,137.88202,142.67015
2014-12-31 18:00:00,ALL,179.3846,140.7068
2014-12-31 18:00:00,ALL,42.518597,192.7356
2014-12-31 18:00:00,ALL,23.946642,201.57068
2014-12-31 18:00:00,ALL,1345.0217,194.69896
2014-12-31 18:00:00,ALL,323.60822,187.5
2014-12-31 19:00:00,ALL,2.4275346,166.55759
2014-12-31 19:00:00,ALL,25.82468,159.03142
2014-12-31 19:00:00,ALL,1.8852998,160.66754
2014-12-31 19:00:00,ALL,215.60469,164.92146
2014-12-31 19:00:00,ALL,81.82638,148.88744
2014-12-31 19:00:00,ALL,396.60342,159.35864
2014-12-31 19:00:00,ALL,7.2877264,155.75916
2014-12-31 19:00:00,ALL,433.18814,137.76178
2014-12-31 19:00:00,ALL,99.20517,130.56282
2014-12-31 19:00:00,ALL,87.735245,125.65445
2014-12-31 19:00:00,ALL,80.20729,118.12827
2014-12-31 19:00:00,ALL,193.69986,112.565445
2014-12-31 19:00:00,ALL,69.447136,42.60743
2014-12-31 19:00:00,ALL,65.994415,38.783684
2014-12-31 19:00:00,ALL,81.494484,32.957027
2014-12-31 19:00:00,ALL,76.219376,33.13911
2014-12-31 19:00:00,ALL,85.3876,32.228695
2014-12-31 19:00:00,ALL,425.7771,34.95994
2014-12-31 19:00:00,ALL,14.258992,36.59869
2014-12-31 19:00:00,ALL,81.12368,32.04661
2014-12-31 19:00:00,ALL,271.30823,44.42826
2014-12-31 19:00:00,ALL,41.72834,56.99199
2014-12-31 19:00:00,ALL,22.879305,53.168243
2014-12-31 19:00:00,ALL,61.575504,68.827385
2014-12-31 19:00:00,ALL,372.59476,69.55572
2014-12-31 19:00:00,ALL,50.345123,67.734886
2014-12-31 19:00:00,ALL,54.053486,62.818645
2014-12-31 19:00:00,ALL,144.906,55.535324
2014-12-31 19:00:00,ALL,118.97212,61.179897
2014-12-31 19:00:00,ALL,75.48423,85.39694
2014-12-31 19:00:00,ALL,166.73203,91.95193
2014-12-31 19:00:00,ALL,35.08686,77.93153
2014-12-31 19:00:00,ALL,76.571915,69.7378
2014-12-31 19:00:00,ALL,31.762651,57.174072
2014-12-31 19:00:00,ALL,221.67107,54.260742
2014-12-31 19:00:00,ALL,18.590523,52.43991
2014-12-31 19:00:00,ALL,208.60266,38.46154
2014-12-31 19:00:00,ALL,176.64465,30.906593
2014-12-31 19:00:00,ALL,93.79956,29.532967
2014-12-31 19:00:00,ALL,86.945114,30.21978
2014-12-31 19:00:00,ALL,150.30484,28.15934
2014-12-31 19:00:00,ALL,92.26723,32.28022
2014-12-31 19:00:00,ALL,1350.7963,28.846153
2014-12-31 19:00:00,ALL,73.699295,17.17033
2014-12-31 19:00:00,ALL,145.93318,19.23077
2014-12-31 19:00:00,ALL,197.17418,30.21978
2014-12-31 19:00:00,ALL,45.649998,34.34066
2014-12-31 19:00:00,ALL,25.928349,46.016483
2014-12-31 19:00:00,ALL,1352.6638,52.197803
2014-12-31 19:00:00,ALL,343.3694,46.016483
2014-12-31 20:00:00,ALL,2.4275243,37.774727
2014-12-31 20:00:00,ALL,26.094242,47.39011
2014-12-31 20:00:00,ALL,1.8931458,52.197803
2014-12-31 20:00:00,ALL,210.08061,76.23627
2014-12-31 20:00:00,ALL,83.942856,81.04395
2014-12-31 20:00:00,ALL,392.44162,67.99451
2014-12-31 20:00:00,ALL,7.6367407,67.30769
2014-12-31 20:00:00,ALL,416.46893,61.126373
2014-12-31 20:00:00,ALL,93.21039,57.692307
2014-12-31 20:00:00,ALL,92.34948,46.703297
2014-12-31 20:00:00,ALL,80.132225,117.045456
2014-12-31 20:00:00,ALL,186.91557,115.625
2014-12-31 20:00:00,ALL,60.317173,114.48864
2014-12-31 20:00:00,ALL,63.71386,110.22727
2014-12-31 20:00:00,ALL,78.87595,109.65909
2014-12-31 20:00:00,ALL,79.39443,105.96591
2014-12-31 20:00:00,ALL,82.05195,95.170456
2014-12-31 20:00:00,ALL,440.41357,79.545456
2014-12-31 20:00:00,ALL,15.715892,80.681816
2014-12-31 20:00:00,ALL,81.90788,83.52273
2014-12-31 20:00:00,ALL,255.15776,98.579544
2014-12-31 20:00:00,ALL,38.960342,95.73864
2014-12-31 20:00:00,ALL,22.481657,93.75
2014-12-31 20:00:00,ALL,62.318382,97.443184
2014-12-31 20:00:00,ALL,383.6188,96.02273
2014-12-31 20:00:00,ALL,53.307137,101.704544
2014-12-31 20:00:00,ALL,52.801506,132.67046
2014-12-31 20:00:00,ALL,147.75269,178.97728
2014-12-31 20:00:00,ALL,117.58505,176.13637
2014-12-31 20:00:00,ALL,75.931725,159.65909
2014-12-31 20:00:00,ALL,162.87627,151.42046
2014-12-31 20:00:00,ALL,35.129513,150.56818
2014-12-31 20:00:00,ALL,73.70809,143.18182
2014-12-31 20:00:00,ALL,30.677715,125.0
2014-12-31 20:00:00,ALL,215.4672,49.23761
2014-12-31 20:00:00,ALL,16.446589,40.025414
2014-12-31 20:00:00,ALL,200.63902,40.660736
2014-12-31 20:00:00,ALL,163.71776,38.754765
2014-12-31 20:00:00,ALL,92.44253,37.484116
2014-12-31 20:00:00,ALL,83.938,46.378654
2014-12-31 20:00:00,ALL,156.86989,48.602287
2014-12-31 20:00:00,ALL,89.81915,54.3202
2014-12-31 20:00:00,ALL,1351.1504,57.17916
2014-12-31 20:00:00,ALL,73.66924,58.44981
2014-12-31 20:00:00,ALL,140.64272,60.991104
2014-12-31 20:00:00,ALL,196.18835,59.72046
2014-12-31 20:00:00,ALL,45.235,61.62643
2014-12-31 20:00:00,ALL,26.307755,54.3202
2014-12-31 20:00:00,ALL,1352.1506,62.579414
2014-12-31 20:00:00,ALL,318.42825,58.13215
2014-12-31 21:00:00,ALL,2.4338424,76.87421
2014-12-31 21:00:00,ALL,25.063698,89.58069
2014-12-31 21:00:00,ALL,1.9072416,94.027954
2014-12-31 21:00:00,ALL,203.23366,82.27446
2014-12-31 21:00:00,ALL,87.27433,72.42694
2014-12-31 21:00:00,ALL,362.78418,66.70902
2014-12-31 21:00:00,ALL,7.527871,62.261753
2014-12-31 21:00:00,ALL,378.28284,57.17916
2014-12-31 21:00:00,ALL,80.66799,1056.8182
2014-12-31 21:00:00,ALL,87.3396,903.4091
2014-12-31 21:00:00,ALL,76.1469,812.5
2014-12-31 21:00:00,ALL,178.87782,840.9091
2014-12-31 21:00:00,ALL,47.602448,778.4091
2014-12-31 21:00:00,ALL,59.361183,965.9091
2014-12-31 21:00:00,ALL,75.25535,977.2727
2014-12-31 21:00:00,ALL,79.3939,965.9091
2014-12-31 21:00:00,ALL,78.98953,1465.909
2014-12-31 21:00:00,ALL,422.3071,1590.909
2014-12-31 21:00:00,ALL,15.442498,1892.0454
2014-12-31 21:00:00,ALL,79.40194,1676.1364
2014-12-31 21:00:00,ALL,236.4624,1534.091
2014-12-31 21:00:00,ALL,34.6024,1636.3636
2014-12-31 21:00:00,ALL,19.257862,1653.409
2014-12-31 21:00:00,ALL,60.026222,1568.1818
2014-12-31 21:00:00,ALL,372.85696,1585.2273
2014-12-31 21:00:00,ALL,53.123486,1857.9546
2014-12-31 21:00:00,ALL,50.492004,2073.8635
2014-12-31 21:00:00,ALL,143.23201,1767.0454
2014-12-31 21:00:00,ALL,116.61478,1534.091
2014-12-31 21:00:00,ALL,74.867165,1352.2727
2014-12-31 21:00:00,ALL,153.4959,1284.091
2014-12-31 21:00:00,ALL,33.71238,1227.2727
2014-12-31 21:00:00,ALL,69.18697,38.5159
2014-12-31 21:00:00,ALL,30.350159,36.925797
2014-12-31 21:00:00,ALL,206.64412,34.09894
2014-12-31 21:00:00,ALL,15.185235,33.568905
2014-12-31 21:00:00,ALL,192.76971,32.86219
2014-12-31 21:00:00,ALL,157.3703,33.92226
2014-12-31 21:00:00,ALL,85.583885,37.45583
2014-12-31 21:00:00,ALL,77.24467,31.095406
2014-12-31 21:00:00,ALL,152.14394,35.33569
2014-12-31 21:00:00,ALL,81.43628,44.34629
2014-12-31 21:00:00,ALL,1351.8132,51.590107
2014-12-31 21:00:00,ALL,69.31545,48.763252
2014-12-31 21:00:00,ALL,131.91534,52.650177
2014-12-31 21:00:00,ALL,191.15176,55.123676
2014-12-31 21:00:00,ALL,42.30697,47.5265
2014-12-31 21:00:00,ALL,25.094433,46.996468
2014-12-31 21:00:00,ALL,1352.6246,53.53357
2014-12-31 21:00:00,ALL,279.03223,73.321556
2014-12-31 22:00:00,ALL,2.4390163,75.79505
2014-12-31 22:00:00,ALL,23.50517,68.37456
2014-12-31 22:00:00,ALL,1.9270891,64.84099
2014-12-31 22:00:00,ALL,189.25566,72.08481
2014-12-31 22:00:00,ALL,90.65848,67.84452
2014-12-31 22:00:00,ALL,323.78912,65.72438
2014-12-31 22:00:00,ALL,7.162099,122.67343
2014-12-31 22:00:00,ALL,338.87698,120.981384
2014-12-31 22:00:00,ALL,70.72551,116.328255
2014-12-31 22:00:00,ALL,76.663765,112.09814
2014-12-31 22:00:00,ALL,67.27712,127.32657
2014-12-31 22:00:00,ALL,167.42683,159.47546
2014-12-31 22:00:00,ALL,41.4961,157.78342
2014-12-31 22:00:00,ALL,54.151173,152.70728
2014-12-31 22:00:00,ALL,69.702324,191.62436
2014-12-31 22:00:00,ALL,75.28922,197.96954
2014-12-31 22:00:00,ALL,73.54396,191.62436
2014-12-31 22:00:00,ALL,380.11002,172.58884
2014-12-31 22:00:00,ALL,14.213243,165.39763
2014-12-31 22:00:00,ALL,74.943474,93.06261
2014-12-31 22:00:00,ALL,218.18166,57.52961
2014-12-31 22:00:00,ALL,30.695545,55.837563
2014-12-31 22:00:00,ALL,16.318165,60.913704
2014-12-31 22:00:00,ALL,53.65366,88.40948
2014-12-31 22:00:00,ALL,345.69992,102.368866
2014-12-31 22:00:00,ALL,50.18595,98.13875
2014-12-31 22:00:00,ALL,46.149174,79.10322
2014-12-31 22:00:00,ALL,132.31621,77.41117
2014-12-31 22:00:00,ALL,114.398094,78.68021
2014-12-31 22:00:00,ALL,70.65232,77.83418
2014-12-31 22:00:00,ALL,143.50075,158.76778
2014-12-31 22:00:00,ALL,31.258476,154.02844
2014-12-31 22:00:00,ALL,62.927402,145.7346
2014-12-31 22:00:00,ALL,30.522303,122.03792
2014-12-31 22:00:00,ALL,194.55435,103.08057
2014-12-31 22:00:00,ALL,13.933643,113.74408
2014-12-31 22:00:00,ALL,179.26347,111.374405
2014-12-31 22:00:00,ALL,148.94084,91.23223
2014-12-31 22:00:00,ALL,76.89123,110.189575
2014-12-31 22:00:00,ALL,63.51237,107.81991
2014-12-31 22:00:00,ALL,147.49283,118.48341
2014-12-31 22:00:00,ALL,73.85348,149.2891
2014-12-31 22:00:00,ALL,1351.8464,189.57346
2014-12-31 22:00:00,ALL,63.575108,144.54976
2014-12-31 22:00:00,ALL,121.592285,151.65877
2014-12-31 22:00:00,ALL,187.76184,114.92891
2014-12-31 22:00:00,ALL,38.02587,145.7346
2014-12-31 22:00:00,ALL,23.36717,219.1943
2014-12-31 22:00:00,ALL,1351.6986,253.5545
2014-12-31 22:00:00,ALL,244.31581,210.90047
2014-12-31 23:00:00,ALL,2.445098,186.01895
2014-12-31 23:00:00,ALL,21.896719,188.38863
2014-12-31 23:00:00,ALL,1.9499221,228.67299
2014-12-31 23:00:00,ALL,169.3631,203.79147
2014-12-31 23:00:00,ALL,87.48853,22.245762
2014-12-31 23:00:00,ALL,277.76093,19.597458
2014-12-31 23:00:00,ALL,6.7057486,21.451271
2014-12-31 23:00:00,ALL,303.39587,20.789194
2014-12-31 23:00:00,ALL,61.877422,21.186441
2014-12-31 23:00:00,ALL,64.27684,21.186441
2014-12-31 23:00:00,ALL,56.28872,26.350636
2014-12-31 23:00:00,ALL,152.75317,36.01695
2014-12-31 23:00:00,ALL,40.31366,35.222458
2014-12-31 23:00:00,ALL,49.897617,38.003178
2014-12-31 23:00:00,ALL,60.494545,38.400425
2014-12-31 23:00:00,ALL,65.60651,32.309322
2014-12-31 23:00:00,ALL,63.966225,26.880297
2014-12-31 23:00:00,ALL,325.43805,27.012712
2014-12-31 23:00:00,ALL,12.733739,27.542374
2014-12-31 23:00:00,ALL,68.9853,29.263771
2014-12-31 23:00:00,ALL,192.13083,35.222458
2014-12-31 23:00:00,ALL,27.684092,45.815678
2014-12-31 23:00:00,ALL,14.179146,48.06674
2014-12-31 23:00:00,ALL,45.61196,45.68326
2014-12-31 23:00:00,ALL,296.98416,39.989407
2014-12-31 23:00:00,ALL,45.158688,35.222458
2014-12-31 23:00:00,ALL,41.183434,34.163136
2014-12-31 23:00:00,ALL,119.336624,33.898304
2014-12-31 23:00:00,ALL,107.29677,17.399267
2014-12-31 23:00:00,ALL,61.215805,17.268446
2014-12-31 23:00:00,ALL,127.96098,15.175301
2014-12-31 23:00:00,ALL,29.20811,15.175301
2014-12-31 23:00:00,ALL,57.356186,15.698587
2014-12-31 23:00:00,ALL,30.89348,15.436944
2014-12-31 23:00:00,ALL,175.29398,16.091051
2014-12-31 23:00:00,ALL,13.117693,14.5211935
2014-12-31 23:00:00,ALL,157.67896,17.268446
2014-12-31 23:00:00,ALL,134.03796,23.809525
2014-12-31 23:00:00,ALL,66.83704,25.248562
2014-12-31 23:00:00,ALL,50.901196,23.54788
2014-12-31 23:00:00,ALL,137.97694,26.295134
2014-12-31 23:00:00,ALL,64.14876,22.108843
2014-12-31 23:00:00,ALL,1297.8151,21.585558
2014-12-31 23:00:00,ALL,57.975056,16.483517
2014-12-31 23:00:00,ALL,114.31082,16.87598
2014-12-31 23:00:00,ALL,178.74565,22.501308
2014-12-31 23:00:00,ALL,32.95226,21.978022
2014-12-31 23:00:00,ALL,21.392395,17.922554
2014-12-31 23:00:00,ALL,1280.8033,18.707483
2014-12-31 23:00:00,ALL,219.97821,15.96023
2015-01-01 00:00:00,ALL,2.452436,18.053375
2015-01-01 00:00:00,ALL,20.592344,21.978022
2015-01-01 00:00:00,ALL,1.9743309,986.413
2015-01-01 00:00:00,ALL,151.29446,899.45654
2015-01-01 00:00:00,ALL,81.399796,839.6739
2015-01-01 00:00:00,ALL,232.28842,801.63043
2015-01-01 00:00:00,ALL,6.2137804,820.65216
2015-01-01 00:00:00,ALL,268.34225,880.43475
2015-01-01 00:00:00,ALL,56.635143,885.86957
2015-01-01 00:00:00,ALL,56.750504,847.8261
2015-01-01 00:00:00,ALL,46.18449,1225.5435
2015-01-01 00:00:00,ALL,137.25423,1203.8043
2015-01-01 00:00:00,ALL,40.268646,1364.1305
2015-01-01 00:00:00,ALL,47.014553,1451.0869
2015-01-01 00:00:00,ALL,53.79835,1383.1522
2015-01-01 00:00:00,ALL,56.777977,1385.8695
2015-01-01 00:00:00,ALL,54.88653,1345.1086
2015-01-01 00:00:00,ALL,268.7593,1353.2609
2015-01-01 00:00:00,ALL,11.306851,1388.5869
2015-01-01 00:00:00,ALL,60.342228,1627.7174
2015-01-01 00:00:00,ALL,164.95308,1709.2391
2015-01-01 00:00:00,ALL,25.714983,1461.9565
2015-01-01 00:00:00,ALL,12.623924,1309.7826
2015-01-01 00:00:00,ALL,38.605667,1252.7174
2015-01-01 00:00:00,ALL,245.12881,1260.8695
2015-01-01 00:00:00,ALL,38.634567,1271.7391
2015-01-01 00:00:00,ALL,35.73543,182.38434
2015-01-01 00:00:00,ALL,106.02431,143.23843
2015-01-01 00:00:00,ALL,98.75732,138.79004
2015-01-01 00:00:00,ALL,53.726273,142.34875
2015-01-01 00:00:00,ALL,111.46792,133.45195
2015-01-01 00:00:00,ALL,27.432606,116.54804
2015-01-01 00:00:00,ALL,51.196476,120.996445
2015-01-01 00:00:00,ALL,31.00542,121.88612
2015-01-01 00:00:00,ALL,154.15294,191.28114
2015-01-01 00:00:00,ALL,12.683602,225.97865
2015-01-01 00:00:00,ALL,134.89148,298.93237
2015-01-01 00:00:00,ALL,118.626114,356.76157
2015-01-01 00:00:00,ALL,56.163273,315.8363
2015-01-01 00:00:00,ALL,42.780178,319.39502
2015-01-01 00:00:00,ALL,126.179886,296.26334
2015-01-01 00:00:00,ALL,54.365437,261.56583
2015-01-01 00:00:00,ALL,1089.3146,293.5943
2015-01-01 00:00:00,ALL,49.836304,344.30606
2015-01-01 00:00:00,ALL,109.597046,296.26334
2015-01-01 00:00:00,ALL,163.58708,222.41992
2015-01-01 00:00:00,ALL,28.856932,214.41281
2015-01-01 00:00:00,ALL,19.547012,219.75089
2015-01-01 00:00:00,ALL,1073.8031,211.74377
2015-01-01 00:00:00,ALL,197.71773,213.52313
